uuid,answers,prediction,generation,correctness,paraphrases,prompts,predict_lemma,answer_lemmas
5d09424876ba7f4-15e8746c51e1d4c,"['NBC', 'National Broadcasting Company']",ABC,"ABC

Q: The [MASK] of the",,"('Which service originally aired This Is Your Life? [MASK].', 'The launch of This Is Your Life happened on [MASK] channel.', '[MASK] is the first air channel of This Is Your Life.', 'This Is Your Life premiered on the network [MASK].', '[MASK] served as the first platform for This Is Your Life.')","('Based on the context, predict the [MASK] in the sentence in one word.\n\nQ: [MASK] is the higher-level concept of adit.\nA: tunnel\n\nQ: Marty Ehrlich became known as a [MASK] player.\nA: saxophone\n\nQ: Officially, the people living in Basel use the language [MASK] for communication.\nA: German\n\nQ: [MASK] consists of Mount Makiling.\nA: Luzon\n\nQ: Iowa and [MASK] are neighboring countries.\nA: Wisconsin\n\nQ: Which service originally aired This Is Your Life? [MASK].\nA:', 'Based on the context, predict the [MASK] in the sentence in one word.\n\nQ: [MASK] is the higher-level concept of adit.\nA: tunnel\n\nQ: Marty Ehrlich became known as a [MASK] player.\nA: saxophone\n\nQ: Officially, the people living in Basel use the language [MASK] for communication.\nA: German\n\nQ: [MASK] consists of Mount Makiling.\nA: Luzon\n\nQ: Iowa and [MASK] are neighboring countries.\nA: Wisconsin\n\nQ: The launch of This Is Your Life happened on [MASK] channel.\nA:', 'Based on the context, predict the [MASK] in the sentence in one word.\n\nQ: [MASK] is the higher-level concept of adit.\nA: tunnel\n\nQ: Marty Ehrlich became known as a [MASK] player.\nA: saxophone\n\nQ: Officially, the people living in Basel use the language [MASK] for communication.\nA: German\n\nQ: [MASK] consists of Mount Makiling.\nA: Luzon\n\nQ: Iowa and [MASK] are neighboring countries.\nA: Wisconsin\n\nQ: [MASK] is the first air channel of This Is Your Life.\nA:', 'Based on the context, predict the [MASK] in the sentence in one word.\n\nQ: [MASK] is the higher-level concept of adit.\nA: tunnel\n\nQ: Marty Ehrlich became known as a [MASK] player.\nA: saxophone\n\nQ: Officially, the people living in Basel use the language [MASK] for communication.\nA: German\n\nQ: [MASK] consists of Mount Makiling.\nA: Luzon\n\nQ: Iowa and [MASK] are neighboring countries.\nA: Wisconsin\n\nQ: This Is Your Life premiered on the network [MASK].\nA:', 'Based on the context, predict the [MASK] in the sentence in one word.\n\nQ: [MASK] is the higher-level concept of adit.\nA: tunnel\n\nQ: Marty Ehrlich became known as a [MASK] player.\nA: saxophone\n\nQ: Officially, the people living in Basel use the language [MASK] for communication.\nA: German\n\nQ: [MASK] consists of Mount Makiling.\nA: Luzon\n\nQ: Iowa and [MASK] are neighboring countries.\nA: Wisconsin\n\nQ: [MASK] served as the first platform for This Is Your Life.\nA:')",['abc'],"[['nbc'], ['national', 'broadcasting', 'company']]"
fd915def246a0be-1df91599c979dd7,"['physics', 'physical', 'physic', 'general physics', 'physical science']",optics,"optics

Q: The [MASK] of the",,"('Johann Heinrich Lambert is a professional in the [MASK] landscape.', 'Johann Heinrich Lambert has developed skills through work in [MASK].', 'Johann Heinrich Lambert made significant contributions in the field of [MASK].', 'Johann Heinrich Lambert works in the field of [MASK].', 'Johann Heinrich Lambert has work experience in the field of [MASK].')","('Based on the context, predict the [MASK] in the sentence in one word.\n\nQ: [MASK] is the higher-level concept of adit.\nA: tunnel\n\nQ: Marty Ehrlich became known as a [MASK] player.\nA: saxophone\n\nQ: Officially, the people living in Basel use the language [MASK] for communication.\nA: German\n\nQ: [MASK] consists of Mount Makiling.\nA: Luzon\n\nQ: Iowa and [MASK] are neighboring countries.\nA: Wisconsin\n\nQ: Johann Heinrich Lambert is a professional in the [MASK] landscape.\nA:', 'Based on the context, predict the [MASK] in the sentence in one word.\n\nQ: [MASK] is the higher-level concept of adit.\nA: tunnel\n\nQ: Marty Ehrlich became known as a [MASK] player.\nA: saxophone\n\nQ: Officially, the people living in Basel use the language [MASK] for communication.\nA: German\n\nQ: [MASK] consists of Mount Makiling.\nA: Luzon\n\nQ: Iowa and [MASK] are neighboring countries.\nA: Wisconsin\n\nQ: Johann Heinrich Lambert has developed skills through work in [MASK].\nA:', 'Based on the context, predict the [MASK] in the sentence in one word.\n\nQ: [MASK] is the higher-level concept of adit.\nA: tunnel\n\nQ: Marty Ehrlich became known as a [MASK] player.\nA: saxophone\n\nQ: Officially, the people living in Basel use the language [MASK] for communication.\nA: German\n\nQ: [MASK] consists of Mount Makiling.\nA: Luzon\n\nQ: Iowa and [MASK] are neighboring countries.\nA: Wisconsin\n\nQ: Johann Heinrich Lambert made significant contributions in the field of [MASK].\nA:', 'Based on the context, predict the [MASK] in the sentence in one word.\n\nQ: [MASK] is the higher-level concept of adit.\nA: tunnel\n\nQ: Marty Ehrlich became known as a [MASK] player.\nA: saxophone\n\nQ: Officially, the people living in Basel use the language [MASK] for communication.\nA: German\n\nQ: [MASK] consists of Mount Makiling.\nA: Luzon\n\nQ: Iowa and [MASK] are neighboring countries.\nA: Wisconsin\n\nQ: Johann Heinrich Lambert works in the field of [MASK].\nA:', 'Based on the context, predict the [MASK] in the sentence in one word.\n\nQ: [MASK] is the higher-level concept of adit.\nA: tunnel\n\nQ: Marty Ehrlich became known as a [MASK] player.\nA: saxophone\n\nQ: Officially, the people living in Basel use the language [MASK] for communication.\nA: German\n\nQ: [MASK] consists of Mount Makiling.\nA: Luzon\n\nQ: Iowa and [MASK] are neighboring countries.\nA: Wisconsin\n\nQ: Johann Heinrich Lambert has work experience in the field of [MASK].\nA:')",['optic'],"[['physics'], ['physical'], ['physic'], ['general', 'physics'], ['physical', 'science']]"
846cc35c6fe6013-279430e3ef1ffac,"['Norwegian', 'no', 'Norwegian language']",Danish,"Danish

Q: The [MASK] of the",,"('Vinduet was written in language of [MASK].', 'The language used to write Vinduet was [MASK].', 'The written form of Vinduet was expressed through [MASK].', 'Vinduet is in language [MASK].', 'Vinduet is written using what language? [MASK].')","('Based on the context, predict the [MASK] in the sentence in one word.\n\nQ: [MASK] is the higher-level concept of adit.\nA: tunnel\n\nQ: Marty Ehrlich became known as a [MASK] player.\nA: saxophone\n\nQ: Officially, the people living in Basel use the language [MASK] for communication.\nA: German\n\nQ: [MASK] consists of Mount Makiling.\nA: Luzon\n\nQ: Iowa and [MASK] are neighboring countries.\nA: Wisconsin\n\nQ: Vinduet was written in language of [MASK].\nA:', 'Based on the context, predict the [MASK] in the sentence in one word.\n\nQ: [MASK] is the higher-level concept of adit.\nA: tunnel\n\nQ: Marty Ehrlich became known as a [MASK] player.\nA: saxophone\n\nQ: Officially, the people living in Basel use the language [MASK] for communication.\nA: German\n\nQ: [MASK] consists of Mount Makiling.\nA: Luzon\n\nQ: Iowa and [MASK] are neighboring countries.\nA: Wisconsin\n\nQ: The language used to write Vinduet was [MASK].\nA:', 'Based on the context, predict the [MASK] in the sentence in one word.\n\nQ: [MASK] is the higher-level concept of adit.\nA: tunnel\n\nQ: Marty Ehrlich became known as a [MASK] player.\nA: saxophone\n\nQ: Officially, the people living in Basel use the language [MASK] for communication.\nA: German\n\nQ: [MASK] consists of Mount Makiling.\nA: Luzon\n\nQ: Iowa and [MASK] are neighboring countries.\nA: Wisconsin\n\nQ: The written form of Vinduet was expressed through [MASK].\nA:', 'Based on the context, predict the [MASK] in the sentence in one word.\n\nQ: [MASK] is the higher-level concept of adit.\nA: tunnel\n\nQ: Marty Ehrlich became known as a [MASK] player.\nA: saxophone\n\nQ: Officially, the people living in Basel use the language [MASK] for communication.\nA: German\n\nQ: [MASK] consists of Mount Makiling.\nA: Luzon\n\nQ: Iowa and [MASK] are neighboring countries.\nA: Wisconsin\n\nQ: Vinduet is in language [MASK].\nA:', 'Based on the context, predict the [MASK] in the sentence in one word.\n\nQ: [MASK] is the higher-level concept of adit.\nA: tunnel\n\nQ: Marty Ehrlich became known as a [MASK] player.\nA: saxophone\n\nQ: Officially, the people living in Basel use the language [MASK] for communication.\nA: German\n\nQ: [MASK] consists of Mount Makiling.\nA: Luzon\n\nQ: Iowa and [MASK] are neighboring countries.\nA: Wisconsin\n\nQ: Vinduet is written using what language? [MASK].\nA:')",['danish'],"[['norwegian'], ['no'], ['norwegian', 'language']]"
2be6c939e56239c-5db887161a9ced7,"['Florence', 'Firenze', 'Florence, Italy', 'Florence, Tuscany', 'Florencia', 'Florentia', 'Florenz', 'Firenca', 'Florencie', 'FiurÃ¤nza', 'Florentzia', 'Firense', 'Firenz', 'Firenzi', 'Florence Municipality']",Florence,"Florence

Q: The [MASK] of the",,"(""[MASK] hosted the final years of Francesco Pesellino's life."", 'Francesco Pesellino resided in [MASK] until death.', 'Francesco Pesellino spent the last years of life in [MASK].', 'Francesco Pesellino maintained a residence in [MASK] until they ceased to live.', '[MASK] is the last place where Francesco Pesellino lived until death.')","(""Based on the context, predict the [MASK] in the sentence in one word.\n\nQ: [MASK] is the higher-level concept of adit.\nA: tunnel\n\nQ: Marty Ehrlich became known as a [MASK] player.\nA: saxophone\n\nQ: Officially, the people living in Basel use the language [MASK] for communication.\nA: German\n\nQ: [MASK] consists of Mount Makiling.\nA: Luzon\n\nQ: Iowa and [MASK] are neighboring countries.\nA: Wisconsin\n\nQ: [MASK] hosted the final years of Francesco Pesellino's life.\nA:"", 'Based on the context, predict the [MASK] in the sentence in one word.\n\nQ: [MASK] is the higher-level concept of adit.\nA: tunnel\n\nQ: Marty Ehrlich became known as a [MASK] player.\nA: saxophone\n\nQ: Officially, the people living in Basel use the language [MASK] for communication.\nA: German\n\nQ: [MASK] consists of Mount Makiling.\nA: Luzon\n\nQ: Iowa and [MASK] are neighboring countries.\nA: Wisconsin\n\nQ: Francesco Pesellino resided in [MASK] until death.\nA:', 'Based on the context, predict the [MASK] in the sentence in one word.\n\nQ: [MASK] is the higher-level concept of adit.\nA: tunnel\n\nQ: Marty Ehrlich became known as a [MASK] player.\nA: saxophone\n\nQ: Officially, the people living in Basel use the language [MASK] for communication.\nA: German\n\nQ: [MASK] consists of Mount Makiling.\nA: Luzon\n\nQ: Iowa and [MASK] are neighboring countries.\nA: Wisconsin\n\nQ: Francesco Pesellino spent the last years of life in [MASK].\nA:', 'Based on the context, predict the [MASK] in the sentence in one word.\n\nQ: [MASK] is the higher-level concept of adit.\nA: tunnel\n\nQ: Marty Ehrlich became known as a [MASK] player.\nA: saxophone\n\nQ: Officially, the people living in Basel use the language [MASK] for communication.\nA: German\n\nQ: [MASK] consists of Mount Makiling.\nA: Luzon\n\nQ: Iowa and [MASK] are neighboring countries.\nA: Wisconsin\n\nQ: Francesco Pesellino maintained a residence in [MASK] until they ceased to live.\nA:', 'Based on the context, predict the [MASK] in the sentence in one word.\n\nQ: [MASK] is the higher-level concept of adit.\nA: tunnel\n\nQ: Marty Ehrlich became known as a [MASK] player.\nA: saxophone\n\nQ: Officially, the people living in Basel use the language [MASK] for communication.\nA: German\n\nQ: [MASK] consists of Mount Makiling.\nA: Luzon\n\nQ: Iowa and [MASK] are neighboring countries.\nA: Wisconsin\n\nQ: [MASK] is the last place where Francesco Pesellino lived until death.\nA:')",['florence'],"[['florence'], ['firenze'], ['florence', ',', 'italy'], ['florence', ',', 'tuscany'], ['florencia'], ['florentia'], ['florenz'], ['firenca'], ['florencie'], ['fiurÃ¤nza'], ['florentzia'], ['firense'], ['firenz'], ['firenzi'], ['florence', 'municipality']]"
703b74b9c96d4e5-fd2c6d248ec9c51,"['Antarctica', 'Antarctic Selection']",Antarctica,"Antarctica

Q: The [MASK] of the",,"('On the map, under which continent would Queen Maud Land be placed? [MASK].', 'Queen Maud Land is located within the expansive continent of [MASK].', 'Queen Maud Land is a part of the continent [MASK].', 'Could you specify the continent on which Queen Maud Land is found? [MASK].', 'The location of Queen Maud Land on the Earth is the [MASK] continent.')","('Based on the context, predict the [MASK] in the sentence in one word.\n\nQ: [MASK] is the higher-level concept of adit.\nA: tunnel\n\nQ: Marty Ehrlich became known as a [MASK] player.\nA: saxophone\n\nQ: Officially, the people living in Basel use the language [MASK] for communication.\nA: German\n\nQ: [MASK] consists of Mount Makiling.\nA: Luzon\n\nQ: Iowa and [MASK] are neighboring countries.\nA: Wisconsin\n\nQ: On the map, under which continent would Queen Maud Land be placed? [MASK].\nA:', 'Based on the context, predict the [MASK] in the sentence in one word.\n\nQ: [MASK] is the higher-level concept of adit.\nA: tunnel\n\nQ: Marty Ehrlich became known as a [MASK] player.\nA: saxophone\n\nQ: Officially, the people living in Basel use the language [MASK] for communication.\nA: German\n\nQ: [MASK] consists of Mount Makiling.\nA: Luzon\n\nQ: Iowa and [MASK] are neighboring countries.\nA: Wisconsin\n\nQ: Queen Maud Land is located within the expansive continent of [MASK].\nA:', 'Based on the context, predict the [MASK] in the sentence in one word.\n\nQ: [MASK] is the higher-level concept of adit.\nA: tunnel\n\nQ: Marty Ehrlich became known as a [MASK] player.\nA: saxophone\n\nQ: Officially, the people living in Basel use the language [MASK] for communication.\nA: German\n\nQ: [MASK] consists of Mount Makiling.\nA: Luzon\n\nQ: Iowa and [MASK] are neighboring countries.\nA: Wisconsin\n\nQ: Queen Maud Land is a part of the continent [MASK].\nA:', 'Based on the context, predict the [MASK] in the sentence in one word.\n\nQ: [MASK] is the higher-level concept of adit.\nA: tunnel\n\nQ: Marty Ehrlich became known as a [MASK] player.\nA: saxophone\n\nQ: Officially, the people living in Basel use the language [MASK] for communication.\nA: German\n\nQ: [MASK] consists of Mount Makiling.\nA: Luzon\n\nQ: Iowa and [MASK] are neighboring countries.\nA: Wisconsin\n\nQ: Could you specify the continent on which Queen Maud Land is found? [MASK].\nA:', 'Based on the context, predict the [MASK] in the sentence in one word.\n\nQ: [MASK] is the higher-level concept of adit.\nA: tunnel\n\nQ: Marty Ehrlich became known as a [MASK] player.\nA: saxophone\n\nQ: Officially, the people living in Basel use the language [MASK] for communication.\nA: German\n\nQ: [MASK] consists of Mount Makiling.\nA: Luzon\n\nQ: Iowa and [MASK] are neighboring countries.\nA: Wisconsin\n\nQ: The location of Queen Maud Land on the Earth is the [MASK] continent.\nA:')",['antarctica'],"[['antarctica'], ['antarctic', 'selection']]"
e772dad2b624394-3fd250adb8ee9bd,"['Turin', 'Torino', 'Turin, Italy']",Italy,"Italy

Q: The [MASK] of the",,"('The birth of Guglielmo Gabetto occurred in [MASK].', 'Guglielmo Gabetto started their life in [MASK].', 'Guglielmo Gabetto was born in [MASK].', 'Where was Guglielmo Gabetto born? [MASK].', 'Guglielmo Gabettoâ€™s early life started in [MASK].')","('Based on the context, predict the [MASK] in the sentence in one word.\n\nQ: [MASK] is the higher-level concept of adit.\nA: tunnel\n\nQ: Marty Ehrlich became known as a [MASK] player.\nA: saxophone\n\nQ: Officially, the people living in Basel use the language [MASK] for communication.\nA: German\n\nQ: [MASK] consists of Mount Makiling.\nA: Luzon\n\nQ: Iowa and [MASK] are neighboring countries.\nA: Wisconsin\n\nQ: The birth of Guglielmo Gabetto occurred in [MASK].\nA:', 'Based on the context, predict the [MASK] in the sentence in one word.\n\nQ: [MASK] is the higher-level concept of adit.\nA: tunnel\n\nQ: Marty Ehrlich became known as a [MASK] player.\nA: saxophone\n\nQ: Officially, the people living in Basel use the language [MASK] for communication.\nA: German\n\nQ: [MASK] consists of Mount Makiling.\nA: Luzon\n\nQ: Iowa and [MASK] are neighboring countries.\nA: Wisconsin\n\nQ: Guglielmo Gabetto started their life in [MASK].\nA:', 'Based on the context, predict the [MASK] in the sentence in one word.\n\nQ: [MASK] is the higher-level concept of adit.\nA: tunnel\n\nQ: Marty Ehrlich became known as a [MASK] player.\nA: saxophone\n\nQ: Officially, the people living in Basel use the language [MASK] for communication.\nA: German\n\nQ: [MASK] consists of Mount Makiling.\nA: Luzon\n\nQ: Iowa and [MASK] are neighboring countries.\nA: Wisconsin\n\nQ: Guglielmo Gabetto was born in [MASK].\nA:', 'Based on the context, predict the [MASK] in the sentence in one word.\n\nQ: [MASK] is the higher-level concept of adit.\nA: tunnel\n\nQ: Marty Ehrlich became known as a [MASK] player.\nA: saxophone\n\nQ: Officially, the people living in Basel use the language [MASK] for communication.\nA: German\n\nQ: [MASK] consists of Mount Makiling.\nA: Luzon\n\nQ: Iowa and [MASK] are neighboring countries.\nA: Wisconsin\n\nQ: Where was Guglielmo Gabetto born? [MASK].\nA:', 'Based on the context, predict the [MASK] in the sentence in one word.\n\nQ: [MASK] is the higher-level concept of adit.\nA: tunnel\n\nQ: Marty Ehrlich became known as a [MASK] player.\nA: saxophone\n\nQ: Officially, the people living in Basel use the language [MASK] for communication.\nA: German\n\nQ: [MASK] consists of Mount Makiling.\nA: Luzon\n\nQ: Iowa and [MASK] are neighboring countries.\nA: Wisconsin\n\nQ: Guglielmo Gabettoâ€™s early life started in [MASK].\nA:')",['italy'],"[['turin'], ['torino'], ['turin', ',', 'italy']]"
782f4ee9a1f6d31-c3a4e0241be1035,['bishop'],engineer,"engineer

Q: The [MASK] of the",,"('What job does Charles John Seghers have? [MASK].', 'Charles John Seghers was sworn in as [MASK].', 'What role is Charles John Seghers in? [MASK].', 'Charles John Seghers has the position of [MASK].', 'Charles John Seghers served as [MASK].')","('Based on the context, predict the [MASK] in the sentence in one word.\n\nQ: [MASK] is the higher-level concept of adit.\nA: tunnel\n\nQ: Marty Ehrlich became known as a [MASK] player.\nA: saxophone\n\nQ: Officially, the people living in Basel use the language [MASK] for communication.\nA: German\n\nQ: [MASK] consists of Mount Makiling.\nA: Luzon\n\nQ: Iowa and [MASK] are neighboring countries.\nA: Wisconsin\n\nQ: What job does Charles John Seghers have? [MASK].\nA:', 'Based on the context, predict the [MASK] in the sentence in one word.\n\nQ: [MASK] is the higher-level concept of adit.\nA: tunnel\n\nQ: Marty Ehrlich became known as a [MASK] player.\nA: saxophone\n\nQ: Officially, the people living in Basel use the language [MASK] for communication.\nA: German\n\nQ: [MASK] consists of Mount Makiling.\nA: Luzon\n\nQ: Iowa and [MASK] are neighboring countries.\nA: Wisconsin\n\nQ: Charles John Seghers was sworn in as [MASK].\nA:', 'Based on the context, predict the [MASK] in the sentence in one word.\n\nQ: [MASK] is the higher-level concept of adit.\nA: tunnel\n\nQ: Marty Ehrlich became known as a [MASK] player.\nA: saxophone\n\nQ: Officially, the people living in Basel use the language [MASK] for communication.\nA: German\n\nQ: [MASK] consists of Mount Makiling.\nA: Luzon\n\nQ: Iowa and [MASK] are neighboring countries.\nA: Wisconsin\n\nQ: What role is Charles John Seghers in? [MASK].\nA:', 'Based on the context, predict the [MASK] in the sentence in one word.\n\nQ: [MASK] is the higher-level concept of adit.\nA: tunnel\n\nQ: Marty Ehrlich became known as a [MASK] player.\nA: saxophone\n\nQ: Officially, the people living in Basel use the language [MASK] for communication.\nA: German\n\nQ: [MASK] consists of Mount Makiling.\nA: Luzon\n\nQ: Iowa and [MASK] are neighboring countries.\nA: Wisconsin\n\nQ: Charles John Seghers has the position of [MASK].\nA:', 'Based on the context, predict the [MASK] in the sentence in one word.\n\nQ: [MASK] is the higher-level concept of adit.\nA: tunnel\n\nQ: Marty Ehrlich became known as a [MASK] player.\nA: saxophone\n\nQ: Officially, the people living in Basel use the language [MASK] for communication.\nA: German\n\nQ: [MASK] consists of Mount Makiling.\nA: Luzon\n\nQ: Iowa and [MASK] are neighboring countries.\nA: Wisconsin\n\nQ: Charles John Seghers served as [MASK].\nA:')",['engineer'],[['bishop']]
e772dad2b624394-a116a63f506f4a0,"['Boston', 'Boston, Lincolnshire', 'Boston, England']",England,"England

Q: The [MASK] of the",,"('Martin Middlebrook started their life in [MASK].', 'Where was Martin Middlebrook born? [MASK].', 'In which location did Martin Middlebrook come into the world? [MASK].', 'Martin Middlebrook first came to be in [MASK].', 'Martin Middlebrook made its debut in the world at [MASK].')","('Based on the context, predict the [MASK] in the sentence in one word.\n\nQ: [MASK] is the higher-level concept of adit.\nA: tunnel\n\nQ: Marty Ehrlich became known as a [MASK] player.\nA: saxophone\n\nQ: Officially, the people living in Basel use the language [MASK] for communication.\nA: German\n\nQ: [MASK] consists of Mount Makiling.\nA: Luzon\n\nQ: Iowa and [MASK] are neighboring countries.\nA: Wisconsin\n\nQ: Martin Middlebrook started their life in [MASK].\nA:', 'Based on the context, predict the [MASK] in the sentence in one word.\n\nQ: [MASK] is the higher-level concept of adit.\nA: tunnel\n\nQ: Marty Ehrlich became known as a [MASK] player.\nA: saxophone\n\nQ: Officially, the people living in Basel use the language [MASK] for communication.\nA: German\n\nQ: [MASK] consists of Mount Makiling.\nA: Luzon\n\nQ: Iowa and [MASK] are neighboring countries.\nA: Wisconsin\n\nQ: Where was Martin Middlebrook born? [MASK].\nA:', 'Based on the context, predict the [MASK] in the sentence in one word.\n\nQ: [MASK] is the higher-level concept of adit.\nA: tunnel\n\nQ: Marty Ehrlich became known as a [MASK] player.\nA: saxophone\n\nQ: Officially, the people living in Basel use the language [MASK] for communication.\nA: German\n\nQ: [MASK] consists of Mount Makiling.\nA: Luzon\n\nQ: Iowa and [MASK] are neighboring countries.\nA: Wisconsin\n\nQ: In which location did Martin Middlebrook come into the world? [MASK].\nA:', 'Based on the context, predict the [MASK] in the sentence in one word.\n\nQ: [MASK] is the higher-level concept of adit.\nA: tunnel\n\nQ: Marty Ehrlich became known as a [MASK] player.\nA: saxophone\n\nQ: Officially, the people living in Basel use the language [MASK] for communication.\nA: German\n\nQ: [MASK] consists of Mount Makiling.\nA: Luzon\n\nQ: Iowa and [MASK] are neighboring countries.\nA: Wisconsin\n\nQ: Martin Middlebrook first came to be in [MASK].\nA:', 'Based on the context, predict the [MASK] in the sentence in one word.\n\nQ: [MASK] is the higher-level concept of adit.\nA: tunnel\n\nQ: Marty Ehrlich became known as a [MASK] player.\nA: saxophone\n\nQ: Officially, the people living in Basel use the language [MASK] for communication.\nA: German\n\nQ: [MASK] consists of Mount Makiling.\nA: Luzon\n\nQ: Iowa and [MASK] are neighboring countries.\nA: Wisconsin\n\nQ: Martin Middlebrook made its debut in the world at [MASK].\nA:')",['england'],"[['boston'], ['boston', ',', 'lincolnshire'], ['boston', ',', 'england']]"
5b4a1f383f1a62f-cd885da708eb519,"['Norway', 'Kingdom of Norway', 'NO', 'NOR', 'ðŸ‡³ðŸ‡´']",Norway,"Norway

Q: The [MASK] of the",,"('Peer Gynt was created in [MASK].', 'The foundations of Peer Gynt lie in the country of [MASK].', 'Peer Gynt came into existence in [MASK].', '[MASK] is the country of origin of Peer Gynt.', '[MASK] was the starting point for Peer Gynt.')","('Based on the context, predict the [MASK] in the sentence in one word.\n\nQ: [MASK] is the higher-level concept of adit.\nA: tunnel\n\nQ: Marty Ehrlich became known as a [MASK] player.\nA: saxophone\n\nQ: Officially, the people living in Basel use the language [MASK] for communication.\nA: German\n\nQ: [MASK] consists of Mount Makiling.\nA: Luzon\n\nQ: Iowa and [MASK] are neighboring countries.\nA: Wisconsin\n\nQ: Peer Gynt was created in [MASK].\nA:', 'Based on the context, predict the [MASK] in the sentence in one word.\n\nQ: [MASK] is the higher-level concept of adit.\nA: tunnel\n\nQ: Marty Ehrlich became known as a [MASK] player.\nA: saxophone\n\nQ: Officially, the people living in Basel use the language [MASK] for communication.\nA: German\n\nQ: [MASK] consists of Mount Makiling.\nA: Luzon\n\nQ: Iowa and [MASK] are neighboring countries.\nA: Wisconsin\n\nQ: The foundations of Peer Gynt lie in the country of [MASK].\nA:', 'Based on the context, predict the [MASK] in the sentence in one word.\n\nQ: [MASK] is the higher-level concept of adit.\nA: tunnel\n\nQ: Marty Ehrlich became known as a [MASK] player.\nA: saxophone\n\nQ: Officially, the people living in Basel use the language [MASK] for communication.\nA: German\n\nQ: [MASK] consists of Mount Makiling.\nA: Luzon\n\nQ: Iowa and [MASK] are neighboring countries.\nA: Wisconsin\n\nQ: Peer Gynt came into existence in [MASK].\nA:', 'Based on the context, predict the [MASK] in the sentence in one word.\n\nQ: [MASK] is the higher-level concept of adit.\nA: tunnel\n\nQ: Marty Ehrlich became known as a [MASK] player.\nA: saxophone\n\nQ: Officially, the people living in Basel use the language [MASK] for communication.\nA: German\n\nQ: [MASK] consists of Mount Makiling.\nA: Luzon\n\nQ: Iowa and [MASK] are neighboring countries.\nA: Wisconsin\n\nQ: [MASK] is the country of origin of Peer Gynt.\nA:', 'Based on the context, predict the [MASK] in the sentence in one word.\n\nQ: [MASK] is the higher-level concept of adit.\nA: tunnel\n\nQ: Marty Ehrlich became known as a [MASK] player.\nA: saxophone\n\nQ: Officially, the people living in Basel use the language [MASK] for communication.\nA: German\n\nQ: [MASK] consists of Mount Makiling.\nA: Luzon\n\nQ: Iowa and [MASK] are neighboring countries.\nA: Wisconsin\n\nQ: [MASK] was the starting point for Peer Gynt.\nA:')",['norway'],"[['norway'], ['kingdom', 'of', 'norway'], ['no'], ['nor'], ['ðŸ‡³', 'ðŸ‡´']]"
5dc8311f9216a39-4a1888dda2132ef,"['Germany', 'Federal Republic of Germany', 'Deutschland', 'GER', 'BR Deutschland', 'DE', 'BRD', 'Bundesrepublik Deutschland', 'GFR']",Burundi,"Burundi

Q: The [MASK] of",,"('[MASK] is one of the countries Rwanda has diplomatic relations with.', 'Which country has acknowledged diplomatic ties with Rwanda? [MASK].', 'Rwanda has established diplomatic ties with [MASK].', 'Rwanda and [MASK] have embarked on a journey of diplomatic cooperation.', 'Rwanda counts [MASK] as one of the states it is diplomatically allied with.')","('Based on the context, predict the [MASK] in the sentence in one word.\n\nQ: [MASK] is the higher-level concept of adit.\nA: tunnel\n\nQ: Marty Ehrlich became known as a [MASK] player.\nA: saxophone\n\nQ: Officially, the people living in Basel use the language [MASK] for communication.\nA: German\n\nQ: [MASK] consists of Mount Makiling.\nA: Luzon\n\nQ: Iowa and [MASK] are neighboring countries.\nA: Wisconsin\n\nQ: [MASK] is one of the countries Rwanda has diplomatic relations with.\nA:', 'Based on the context, predict the [MASK] in the sentence in one word.\n\nQ: [MASK] is the higher-level concept of adit.\nA: tunnel\n\nQ: Marty Ehrlich became known as a [MASK] player.\nA: saxophone\n\nQ: Officially, the people living in Basel use the language [MASK] for communication.\nA: German\n\nQ: [MASK] consists of Mount Makiling.\nA: Luzon\n\nQ: Iowa and [MASK] are neighboring countries.\nA: Wisconsin\n\nQ: Which country has acknowledged diplomatic ties with Rwanda? [MASK].\nA:', 'Based on the context, predict the [MASK] in the sentence in one word.\n\nQ: [MASK] is the higher-level concept of adit.\nA: tunnel\n\nQ: Marty Ehrlich became known as a [MASK] player.\nA: saxophone\n\nQ: Officially, the people living in Basel use the language [MASK] for communication.\nA: German\n\nQ: [MASK] consists of Mount Makiling.\nA: Luzon\n\nQ: Iowa and [MASK] are neighboring countries.\nA: Wisconsin\n\nQ: Rwanda has established diplomatic ties with [MASK].\nA:', 'Based on the context, predict the [MASK] in the sentence in one word.\n\nQ: [MASK] is the higher-level concept of adit.\nA: tunnel\n\nQ: Marty Ehrlich became known as a [MASK] player.\nA: saxophone\n\nQ: Officially, the people living in Basel use the language [MASK] for communication.\nA: German\n\nQ: [MASK] consists of Mount Makiling.\nA: Luzon\n\nQ: Iowa and [MASK] are neighboring countries.\nA: Wisconsin\n\nQ: Rwanda and [MASK] have embarked on a journey of diplomatic cooperation.\nA:', 'Based on the context, predict the [MASK] in the sentence in one word.\n\nQ: [MASK] is the higher-level concept of adit.\nA: tunnel\n\nQ: Marty Ehrlich became known as a [MASK] player.\nA: saxophone\n\nQ: Officially, the people living in Basel use the language [MASK] for communication.\nA: German\n\nQ: [MASK] consists of Mount Makiling.\nA: Luzon\n\nQ: Iowa and [MASK] are neighboring countries.\nA: Wisconsin\n\nQ: Rwanda counts [MASK] as one of the states it is diplomatically allied with.\nA:')",['burundi'],"[['germany'], ['federal', 'republic', 'of', 'germany'], ['deutschland'], ['ger'], ['br', 'deutschland'], ['de'], ['brd'], ['bundesrepublik', 'deutschland'], ['gfr']]"
2eac5279493e913-0cf5404c76fb45b,"['Vienna', 'Wien', 'Vienna, Austria', 'W']",Vienna,"Vienna

Q: The [MASK] of the",,"('[MASK] represents the capital city for Holy Roman Empire.', 'The national government for Holy Roman Empire operates out of [MASK].', 'The capital of Holy Roman Empire is [MASK].', 'Where is the official capital of Holy Roman Empire located? [MASK].', 'Where is the capital of Holy Roman Empire? [MASK].')","('Based on the context, predict the [MASK] in the sentence in one word.\n\nQ: [MASK] is the higher-level concept of adit.\nA: tunnel\n\nQ: Marty Ehrlich became known as a [MASK] player.\nA: saxophone\n\nQ: Officially, the people living in Basel use the language [MASK] for communication.\nA: German\n\nQ: [MASK] consists of Mount Makiling.\nA: Luzon\n\nQ: Iowa and [MASK] are neighboring countries.\nA: Wisconsin\n\nQ: [MASK] represents the capital city for Holy Roman Empire.\nA:', 'Based on the context, predict the [MASK] in the sentence in one word.\n\nQ: [MASK] is the higher-level concept of adit.\nA: tunnel\n\nQ: Marty Ehrlich became known as a [MASK] player.\nA: saxophone\n\nQ: Officially, the people living in Basel use the language [MASK] for communication.\nA: German\n\nQ: [MASK] consists of Mount Makiling.\nA: Luzon\n\nQ: Iowa and [MASK] are neighboring countries.\nA: Wisconsin\n\nQ: The national government for Holy Roman Empire operates out of [MASK].\nA:', 'Based on the context, predict the [MASK] in the sentence in one word.\n\nQ: [MASK] is the higher-level concept of adit.\nA: tunnel\n\nQ: Marty Ehrlich became known as a [MASK] player.\nA: saxophone\n\nQ: Officially, the people living in Basel use the language [MASK] for communication.\nA: German\n\nQ: [MASK] consists of Mount Makiling.\nA: Luzon\n\nQ: Iowa and [MASK] are neighboring countries.\nA: Wisconsin\n\nQ: The capital of Holy Roman Empire is [MASK].\nA:', 'Based on the context, predict the [MASK] in the sentence in one word.\n\nQ: [MASK] is the higher-level concept of adit.\nA: tunnel\n\nQ: Marty Ehrlich became known as a [MASK] player.\nA: saxophone\n\nQ: Officially, the people living in Basel use the language [MASK] for communication.\nA: German\n\nQ: [MASK] consists of Mount Makiling.\nA: Luzon\n\nQ: Iowa and [MASK] are neighboring countries.\nA: Wisconsin\n\nQ: Where is the official capital of Holy Roman Empire located? [MASK].\nA:', 'Based on the context, predict the [MASK] in the sentence in one word.\n\nQ: [MASK] is the higher-level concept of adit.\nA: tunnel\n\nQ: Marty Ehrlich became known as a [MASK] player.\nA: saxophone\n\nQ: Officially, the people living in Basel use the language [MASK] for communication.\nA: German\n\nQ: [MASK] consists of Mount Makiling.\nA: Luzon\n\nQ: Iowa and [MASK] are neighboring countries.\nA: Wisconsin\n\nQ: Where is the capital of Holy Roman Empire? [MASK].\nA:')",['vienna'],"[['vienna'], ['wien'], ['vienna', ',', 'austria'], ['w']]"
5b4a1f383f1a62f-8be1a2c44811052,"['Philippines', 'PH', 'ðŸ‡µðŸ‡­', 'Republic of the Philippines', 'The Philippines', 'Philippine Islands', 'PHL', 'PHI', 'RP']",1990,"1990

Q: The [MASK]",,"('Which country was Teledyaryo created in? [MASK].', 'Teledyaryo was created in [MASK].', 'Teledyaryo can trace its ancestry back to [MASK].', 'Teledyaryo emerged from the territory of [MASK].', 'Teledyaryo first appeared in [MASK].')","('Based on the context, predict the [MASK] in the sentence in one word.\n\nQ: [MASK] is the higher-level concept of adit.\nA: tunnel\n\nQ: Marty Ehrlich became known as a [MASK] player.\nA: saxophone\n\nQ: Officially, the people living in Basel use the language [MASK] for communication.\nA: German\n\nQ: [MASK] consists of Mount Makiling.\nA: Luzon\n\nQ: Iowa and [MASK] are neighboring countries.\nA: Wisconsin\n\nQ: Which country was Teledyaryo created in? [MASK].\nA:', 'Based on the context, predict the [MASK] in the sentence in one word.\n\nQ: [MASK] is the higher-level concept of adit.\nA: tunnel\n\nQ: Marty Ehrlich became known as a [MASK] player.\nA: saxophone\n\nQ: Officially, the people living in Basel use the language [MASK] for communication.\nA: German\n\nQ: [MASK] consists of Mount Makiling.\nA: Luzon\n\nQ: Iowa and [MASK] are neighboring countries.\nA: Wisconsin\n\nQ: Teledyaryo was created in [MASK].\nA:', 'Based on the context, predict the [MASK] in the sentence in one word.\n\nQ: [MASK] is the higher-level concept of adit.\nA: tunnel\n\nQ: Marty Ehrlich became known as a [MASK] player.\nA: saxophone\n\nQ: Officially, the people living in Basel use the language [MASK] for communication.\nA: German\n\nQ: [MASK] consists of Mount Makiling.\nA: Luzon\n\nQ: Iowa and [MASK] are neighboring countries.\nA: Wisconsin\n\nQ: Teledyaryo can trace its ancestry back to [MASK].\nA:', 'Based on the context, predict the [MASK] in the sentence in one word.\n\nQ: [MASK] is the higher-level concept of adit.\nA: tunnel\n\nQ: Marty Ehrlich became known as a [MASK] player.\nA: saxophone\n\nQ: Officially, the people living in Basel use the language [MASK] for communication.\nA: German\n\nQ: [MASK] consists of Mount Makiling.\nA: Luzon\n\nQ: Iowa and [MASK] are neighboring countries.\nA: Wisconsin\n\nQ: Teledyaryo emerged from the territory of [MASK].\nA:', 'Based on the context, predict the [MASK] in the sentence in one word.\n\nQ: [MASK] is the higher-level concept of adit.\nA: tunnel\n\nQ: Marty Ehrlich became known as a [MASK] player.\nA: saxophone\n\nQ: Officially, the people living in Basel use the language [MASK] for communication.\nA: German\n\nQ: [MASK] consists of Mount Makiling.\nA: Luzon\n\nQ: Iowa and [MASK] are neighboring countries.\nA: Wisconsin\n\nQ: Teledyaryo first appeared in [MASK].\nA:')",['1990'],"[['philippine'], ['ph'], ['ðŸ‡µ', 'ðŸ‡­'], ['republic', 'of', 'the', 'philippines'], ['the', 'philippines'], ['philippine', 'islands'], ['phl'], ['phi'], ['rp']]"
2d61d4eabdff50e-92a504ca2d13a6b,"['goaltender', 'goalie', 'goalkeeper', 'ice hockey goaltender', 'ice hockey goalkeeper']",stand-up,"stand-up

Q: The [MASK] of",,"('In which role can we find Alfie Moore performing? [MASK].', 'Alfie Moore was given the [MASK] job.', 'Alfie Moore has risen to fame with their [MASK] playing abilities.', 'Alfie Moore is a famous [MASK] player.', 'Alfie Moore plays in [MASK] position.')","('Based on the context, predict the [MASK] in the sentence in one word.\n\nQ: [MASK] is the higher-level concept of adit.\nA: tunnel\n\nQ: Marty Ehrlich became known as a [MASK] player.\nA: saxophone\n\nQ: Officially, the people living in Basel use the language [MASK] for communication.\nA: German\n\nQ: [MASK] consists of Mount Makiling.\nA: Luzon\n\nQ: Iowa and [MASK] are neighboring countries.\nA: Wisconsin\n\nQ: In which role can we find Alfie Moore performing? [MASK].\nA:', 'Based on the context, predict the [MASK] in the sentence in one word.\n\nQ: [MASK] is the higher-level concept of adit.\nA: tunnel\n\nQ: Marty Ehrlich became known as a [MASK] player.\nA: saxophone\n\nQ: Officially, the people living in Basel use the language [MASK] for communication.\nA: German\n\nQ: [MASK] consists of Mount Makiling.\nA: Luzon\n\nQ: Iowa and [MASK] are neighboring countries.\nA: Wisconsin\n\nQ: Alfie Moore was given the [MASK] job.\nA:', 'Based on the context, predict the [MASK] in the sentence in one word.\n\nQ: [MASK] is the higher-level concept of adit.\nA: tunnel\n\nQ: Marty Ehrlich became known as a [MASK] player.\nA: saxophone\n\nQ: Officially, the people living in Basel use the language [MASK] for communication.\nA: German\n\nQ: [MASK] consists of Mount Makiling.\nA: Luzon\n\nQ: Iowa and [MASK] are neighboring countries.\nA: Wisconsin\n\nQ: Alfie Moore has risen to fame with their [MASK] playing abilities.\nA:', 'Based on the context, predict the [MASK] in the sentence in one word.\n\nQ: [MASK] is the higher-level concept of adit.\nA: tunnel\n\nQ: Marty Ehrlich became known as a [MASK] player.\nA: saxophone\n\nQ: Officially, the people living in Basel use the language [MASK] for communication.\nA: German\n\nQ: [MASK] consists of Mount Makiling.\nA: Luzon\n\nQ: Iowa and [MASK] are neighboring countries.\nA: Wisconsin\n\nQ: Alfie Moore is a famous [MASK] player.\nA:', 'Based on the context, predict the [MASK] in the sentence in one word.\n\nQ: [MASK] is the higher-level concept of adit.\nA: tunnel\n\nQ: Marty Ehrlich became known as a [MASK] player.\nA: saxophone\n\nQ: Officially, the people living in Basel use the language [MASK] for communication.\nA: German\n\nQ: [MASK] consists of Mount Makiling.\nA: Luzon\n\nQ: Iowa and [MASK] are neighboring countries.\nA: Wisconsin\n\nQ: Alfie Moore plays in [MASK] position.\nA:')","['stand', '-', 'up']","[['goaltender'], ['goalie'], ['goalkeeper'], ['ice', 'hockey', 'goaltender'], ['ice', 'hockey', 'goalkeeper']]"
5e2fdfafa474dbe-2fe869217b1e5d3,"['Birmingham', 'Birmingham, England', 'Birmingham, West Midlands', 'Birmingham, UK']",London,"London

Q: The [MASK] of the",,"('The assembly point for Swim Deep is [MASK].', 'Swim Deep was founded in [MASK].', 'Where does Swim Deep hail from originally? [MASK].', 'The formation location of Swim Deep is [MASK].', 'Where was Swim Deep founded? [MASK].')","('Based on the context, predict the [MASK] in the sentence in one word.\n\nQ: [MASK] is the higher-level concept of adit.\nA: tunnel\n\nQ: Marty Ehrlich became known as a [MASK] player.\nA: saxophone\n\nQ: Officially, the people living in Basel use the language [MASK] for communication.\nA: German\n\nQ: [MASK] consists of Mount Makiling.\nA: Luzon\n\nQ: Iowa and [MASK] are neighboring countries.\nA: Wisconsin\n\nQ: The assembly point for Swim Deep is [MASK].\nA:', 'Based on the context, predict the [MASK] in the sentence in one word.\n\nQ: [MASK] is the higher-level concept of adit.\nA: tunnel\n\nQ: Marty Ehrlich became known as a [MASK] player.\nA: saxophone\n\nQ: Officially, the people living in Basel use the language [MASK] for communication.\nA: German\n\nQ: [MASK] consists of Mount Makiling.\nA: Luzon\n\nQ: Iowa and [MASK] are neighboring countries.\nA: Wisconsin\n\nQ: Swim Deep was founded in [MASK].\nA:', 'Based on the context, predict the [MASK] in the sentence in one word.\n\nQ: [MASK] is the higher-level concept of adit.\nA: tunnel\n\nQ: Marty Ehrlich became known as a [MASK] player.\nA: saxophone\n\nQ: Officially, the people living in Basel use the language [MASK] for communication.\nA: German\n\nQ: [MASK] consists of Mount Makiling.\nA: Luzon\n\nQ: Iowa and [MASK] are neighboring countries.\nA: Wisconsin\n\nQ: Where does Swim Deep hail from originally? [MASK].\nA:', 'Based on the context, predict the [MASK] in the sentence in one word.\n\nQ: [MASK] is the higher-level concept of adit.\nA: tunnel\n\nQ: Marty Ehrlich became known as a [MASK] player.\nA: saxophone\n\nQ: Officially, the people living in Basel use the language [MASK] for communication.\nA: German\n\nQ: [MASK] consists of Mount Makiling.\nA: Luzon\n\nQ: Iowa and [MASK] are neighboring countries.\nA: Wisconsin\n\nQ: The formation location of Swim Deep is [MASK].\nA:', 'Based on the context, predict the [MASK] in the sentence in one word.\n\nQ: [MASK] is the higher-level concept of adit.\nA: tunnel\n\nQ: Marty Ehrlich became known as a [MASK] player.\nA: saxophone\n\nQ: Officially, the people living in Basel use the language [MASK] for communication.\nA: German\n\nQ: [MASK] consists of Mount Makiling.\nA: Luzon\n\nQ: Iowa and [MASK] are neighboring countries.\nA: Wisconsin\n\nQ: Where was Swim Deep founded? [MASK].\nA:')",['london'],"[['birmingham'], ['birmingham', ',', 'england'], ['birmingham', ',', 'west', 'midlands'], ['birmingham', ',', 'uk']]"
9f1ea9fa44e6c0b-7b79c8957640d14,"['BBC', 'British Broadcasting Corporation']",music,"music

Q: The [MASK] of the",,"('Cedric Messina develops a career in [MASK].', 'Who does Cedric Messina work for? [MASK].', 'Cedric Messina is on the team of [MASK].', 'Cedric Messina seeks to develop a professional life in [MASK].', '[MASK] is the entity that Cedric Messina is professionally associated with.')","('Based on the context, predict the [MASK] in the sentence in one word.\n\nQ: [MASK] is the higher-level concept of adit.\nA: tunnel\n\nQ: Marty Ehrlich became known as a [MASK] player.\nA: saxophone\n\nQ: Officially, the people living in Basel use the language [MASK] for communication.\nA: German\n\nQ: [MASK] consists of Mount Makiling.\nA: Luzon\n\nQ: Iowa and [MASK] are neighboring countries.\nA: Wisconsin\n\nQ: Cedric Messina develops a career in [MASK].\nA:', 'Based on the context, predict the [MASK] in the sentence in one word.\n\nQ: [MASK] is the higher-level concept of adit.\nA: tunnel\n\nQ: Marty Ehrlich became known as a [MASK] player.\nA: saxophone\n\nQ: Officially, the people living in Basel use the language [MASK] for communication.\nA: German\n\nQ: [MASK] consists of Mount Makiling.\nA: Luzon\n\nQ: Iowa and [MASK] are neighboring countries.\nA: Wisconsin\n\nQ: Who does Cedric Messina work for? [MASK].\nA:', 'Based on the context, predict the [MASK] in the sentence in one word.\n\nQ: [MASK] is the higher-level concept of adit.\nA: tunnel\n\nQ: Marty Ehrlich became known as a [MASK] player.\nA: saxophone\n\nQ: Officially, the people living in Basel use the language [MASK] for communication.\nA: German\n\nQ: [MASK] consists of Mount Makiling.\nA: Luzon\n\nQ: Iowa and [MASK] are neighboring countries.\nA: Wisconsin\n\nQ: Cedric Messina is on the team of [MASK].\nA:', 'Based on the context, predict the [MASK] in the sentence in one word.\n\nQ: [MASK] is the higher-level concept of adit.\nA: tunnel\n\nQ: Marty Ehrlich became known as a [MASK] player.\nA: saxophone\n\nQ: Officially, the people living in Basel use the language [MASK] for communication.\nA: German\n\nQ: [MASK] consists of Mount Makiling.\nA: Luzon\n\nQ: Iowa and [MASK] are neighboring countries.\nA: Wisconsin\n\nQ: Cedric Messina seeks to develop a professional life in [MASK].\nA:', 'Based on the context, predict the [MASK] in the sentence in one word.\n\nQ: [MASK] is the higher-level concept of adit.\nA: tunnel\n\nQ: Marty Ehrlich became known as a [MASK] player.\nA: saxophone\n\nQ: Officially, the people living in Basel use the language [MASK] for communication.\nA: German\n\nQ: [MASK] consists of Mount Makiling.\nA: Luzon\n\nQ: Iowa and [MASK] are neighboring countries.\nA: Wisconsin\n\nQ: [MASK] is the entity that Cedric Messina is professionally associated with.\nA:')",['music'],"[['bbc'], ['british', 'broadcasting', 'corporation']]"
109ca04420be7bd-22ee0826d9953ee,"['French', 'French language', 'fr', 'fra', '(fr)']",French,"French

Q: The [MASK] of the",,"('[MASK] is the language that is used by George-Daniel de Monfreid.', 'What dialect does George-Daniel de Monfreid communicate in? [MASK].', 'George-Daniel de Monfreid uses language [MASK].', 'George-Daniel de Monfreid interacted with [MASK] as their language.', '[MASK] is the means by which George-Daniel de Monfreid speaks.')","('Based on the context, predict the [MASK] in the sentence in one word.\n\nQ: [MASK] is the higher-level concept of adit.\nA: tunnel\n\nQ: Marty Ehrlich became known as a [MASK] player.\nA: saxophone\n\nQ: Officially, the people living in Basel use the language [MASK] for communication.\nA: German\n\nQ: [MASK] consists of Mount Makiling.\nA: Luzon\n\nQ: Iowa and [MASK] are neighboring countries.\nA: Wisconsin\n\nQ: [MASK] is the language that is used by George-Daniel de Monfreid.\nA:', 'Based on the context, predict the [MASK] in the sentence in one word.\n\nQ: [MASK] is the higher-level concept of adit.\nA: tunnel\n\nQ: Marty Ehrlich became known as a [MASK] player.\nA: saxophone\n\nQ: Officially, the people living in Basel use the language [MASK] for communication.\nA: German\n\nQ: [MASK] consists of Mount Makiling.\nA: Luzon\n\nQ: Iowa and [MASK] are neighboring countries.\nA: Wisconsin\n\nQ: What dialect does George-Daniel de Monfreid communicate in? [MASK].\nA:', 'Based on the context, predict the [MASK] in the sentence in one word.\n\nQ: [MASK] is the higher-level concept of adit.\nA: tunnel\n\nQ: Marty Ehrlich became known as a [MASK] player.\nA: saxophone\n\nQ: Officially, the people living in Basel use the language [MASK] for communication.\nA: German\n\nQ: [MASK] consists of Mount Makiling.\nA: Luzon\n\nQ: Iowa and [MASK] are neighboring countries.\nA: Wisconsin\n\nQ: George-Daniel de Monfreid uses language [MASK].\nA:', 'Based on the context, predict the [MASK] in the sentence in one word.\n\nQ: [MASK] is the higher-level concept of adit.\nA: tunnel\n\nQ: Marty Ehrlich became known as a [MASK] player.\nA: saxophone\n\nQ: Officially, the people living in Basel use the language [MASK] for communication.\nA: German\n\nQ: [MASK] consists of Mount Makiling.\nA: Luzon\n\nQ: Iowa and [MASK] are neighboring countries.\nA: Wisconsin\n\nQ: George-Daniel de Monfreid interacted with [MASK] as their language.\nA:', 'Based on the context, predict the [MASK] in the sentence in one word.\n\nQ: [MASK] is the higher-level concept of adit.\nA: tunnel\n\nQ: Marty Ehrlich became known as a [MASK] player.\nA: saxophone\n\nQ: Officially, the people living in Basel use the language [MASK] for communication.\nA: German\n\nQ: [MASK] consists of Mount Makiling.\nA: Luzon\n\nQ: Iowa and [MASK] are neighboring countries.\nA: Wisconsin\n\nQ: [MASK] is the means by which George-Daniel de Monfreid speaks.\nA:')",['french'],"[['french'], ['french', 'language'], ['fr'], ['fra'], ['(', 'fr', ')']]"
